<?xml version="1.0" encoding="UTF-8"?>
<beans xmlns="http://www.springframework.org/schema/beans"
	xmlns:xsi="http://www.w3.org/2001/XMLSchema-instance"
	xmlns:context="http://www.springframework.org/schema/context"
	xmlns:util="http://www.springframework.org/schema/util"
	xmlns:mvc="http://www.springframework.org/schema/mvc"
	xmlns:tx="http://www.springframework.org/schema/tx"
	xsi:schemaLocation="http://www.springframework.org/schema/mvc http://www.springframework.org/schema/mvc/spring-mvc-3.2.xsd
  http://www.springframework.org/schema/beans http://www.springframework.org/schema/beans/spring-beans.xsd
  http://www.springframework.org/schema/util http://www.springframework.org/schema/util/spring-util-3.2.xsd
  http://www.springframework.org/schema/tx http://www.springframework.org/schema/tx/spring-tx-3.1.xsd
  http://www.springframework.org/schema/context http://www.springframework.org/schema/context/spring-context-3.2.xsd">

	<context:component-scan base-package="com.hms.*"></context:component-scan>
	<context:property-placeholder
		location="classpath:database.properties" />
	<mvc:annotation-driven />
 <tx:annotation-driven/>
	<bean id="jspViewResolver"
		class="org.springframework.web.servlet.view.InternalResourceViewResolver">
		<property name="viewClass"	value="org.springframework.web.servlet.view.JstlView" />
		<property name="prefix" value="/WEB-INF/pages/" />
		<property name="suffix" value=".jsp" />
	</bean>

	<bean id="dataSource"
		class="org.springframework.jdbc.datasource.DriverManagerDataSource">
		<property name="driverClassName"
			value="${database.driver}" />
		<property name="url" value="${database.url}" />
		<property name="username" value="${database.username}" />
		<property name="password" value="${database.password}" />
	</bean>


	<bean id="sessionFactory"
		class="org.springframework.orm.hibernate4.LocalSessionFactoryBean">
		<property name="dataSource" ref="dataSource" />
		<property name="annotatedClasses">
			<list>
				<value>com.hms.entity.Customer</value>
				<value>com.hms.entity.Room</value>
				<value>com.hms.entity.Reservation</value>
				
			</list>
		</property>
		<property name="hibernateProperties">
			<props>
				<prop key="hibernate.dialect">${hibernate.dialect}</prop>
				<prop key="hibernate.show_sql">${hibernate.show_sql}</prop>
				<prop key="hibernate.hbm2ddl.auto">${hibernate.hbm2ddl.auto}</prop>
			</props>
		</property>
	</bean>

	<bean id="transactionManager"
		class="org.springframework.orm.hibernate4.HibernateTransactionManager">
		<property name="sessionFactory" ref="sessionFactory"></property>
	</bean>

	<bean id="customer" class="com.hms.entity.Customer"/>
	<bean id="room" class="com.hms.entity.Room"/>
	<bean id="reservation" class="com.hms.entity.Reservation"/>
	<bean id="customerDao" class="com.hms.dao.CustomerDaoImpl"/>
	<bean id="roomDao" class="com.hms.dao.RoomDaoImpl"/>
	<bean id="reservationDao" class="com.hms.dao.ReservationDaoImpl"/>
	
	<bean id="customerService" class="com.hms.service.CustomerServiceImpl"/>
	<bean id="roomService" class="com.hms.service.RoomServiceImpl"/>
		<bean id="reservationService" class="com.hms.service.ReservationServiceImpl"/>
</beans>